Donation ID;Date of birth;Annual amount;Fundraiser ID
151661;1999-11-16;180,00;12229
151698;1984-10-21;144,00;12229
151676;1968-11-14;180,00;12229
151654;1971-01-28;144,00;12364
151680;1966-07-18;180,00;11798
151727;1948-01-01;180,00;11798
151674;1972-03-05;180,00;12229
151640;1934-04-04;144,00;12364
151631;1935-07-15;144,00;11798
151707;1980-03-17;180,00;12229
